seq_idx,seq_len,seq,gt_key,surrogate,library_size,rho_random,rho_eval
3,20,CCAAAAGGGCGUCCUUUCGU,additive,additive,200,0.06454033771106943,0.20641180813768345
3,20,CCAAAAGGGCGUCCUUUCGU,additive,additive + pairwise,200,0.9873873873873874,0.9858018054061124
3,20,CCAAAAGGGCGUCCUUUCGU,additive,nonlinear additive,200,0.9937708565072303,0.9947057477866855
3,20,CCAAAAGGGCGUCCUUUCGU,additive,nonlinear additive + pairwise,200,0.898178137651822,0.9271831164464615
3,20,CCAAAAGGGCGUCCUUUCGU,additive_pairwise,additive,200,0.21707317073170737,0.2158361014677723
3,20,CCAAAAGGGCGUCCUUUCGU,additive_pairwise,additive + pairwise,200,0.03926306251887647,0.19597286332564653
3,20,CCAAAAGGGCGUCCUUUCGU,additive_pairwise,nonlinear additive,200,-0.14557535487768047,-0.09923691342462244
3,20,CCAAAAGGGCGUCCUUUCGU,additive_pairwise,nonlinear additive + pairwise,200,0.02142353770260747,0.1367672811675579
3,20,CCAAAAGGGCGUCCUUUCGU,nonlin_additive,additive,200,-0.21069518716577537,0.10706530779912608
3,20,CCAAAAGGGCGUCCUUUCGU,nonlin_additive,additive + pairwise,200,0.9135572819783346,0.9576750227545138
3,20,CCAAAAGGGCGUCCUUUCGU,nonlin_additive,nonlinear additive,200,0.975506072874494,0.9698639445818735
3,20,CCAAAAGGGCGUCCUUUCGU,nonlin_additive,nonlinear additive + pairwise,200,0.7949579831932772,0.8630557067201026
3,20,CCAAAAGGGCGUCCUUUCGU,nonlin_additive_pairwise,additive,200,0.03966192918516081,0.01223456694742293
3,20,CCAAAAGGGCGUCCUUUCGU,nonlin_additive_pairwise,additive + pairwise,200,0.1694578828650994,-0.037128733015912734
3,20,CCAAAAGGGCGUCCUUUCGU,nonlin_additive_pairwise,nonlinear additive,200,-0.1339831362426009,-0.03401803768525975
3,20,CCAAAAGGGCGUCCUUUCGU,nonlin_additive_pairwise,nonlinear additive + pairwise,200,-0.23263057991289915,-0.044537231673256496
3,20,CCAAAAGGGCGUCCUUUCGU,additive_pairwise_gaussian,additive,200,0.26206368311631467,0.45627178683331204
3,20,CCAAAAGGGCGUCCUUUCGU,additive_pairwise_gaussian,additive + pairwise,200,0.7762005436424041,0.8052087251748251
3,20,CCAAAAGGGCGUCCUUUCGU,additive_pairwise_gaussian,nonlinear additive,200,0.6512195121951221,0.7714548423837451
3,20,CCAAAAGGGCGUCCUUUCGU,additive_pairwise_gaussian,nonlinear additive + pairwise,200,0.7219512195121953,0.8166055699752733
3,20,CCAAAAGGGCGUCCUUUCGU,nonlin_additive_pairwise_gaussian,additive,200,0.30049261083743833,0.16016370441089411
3,20,CCAAAAGGGCGUCCUUUCGU,nonlin_additive_pairwise_gaussian,additive + pairwise,200,0.5731113166820845,0.5735806283543683
3,20,CCAAAAGGGCGUCCUUUCGU,nonlin_additive_pairwise_gaussian,nonlinear additive,200,0.7408963585434174,0.572405574445247
3,20,CCAAAAGGGCGUCCUUUCGU,nonlin_additive_pairwise_gaussian,nonlinear additive + pairwise,200,0.34502814258911824,0.4616275970773439
3,20,CCAAAAGGGCGUCCUUUCGU,additive,additive,2000,0.9999803783252573,0.9999965254718388
3,20,CCAAAAGGGCGUCCUUUCGU,additive,additive + pairwise,2000,0.9993960230247443,0.9997284450274171
3,20,CCAAAAGGGCGUCCUUUCGU,additive,nonlinear additive,2000,0.9999635888539057,0.9999930584796782
3,20,CCAAAAGGGCGUCCUUUCGU,additive,nonlinear additive + pairwise,2000,0.9811808542319219,0.98769358917377
3,20,CCAAAAGGGCGUCCUUUCGU,additive_pairwise,additive,2000,0.2631201411204145,0.39506210139418885
3,20,CCAAAAGGGCGUCCUUUCGU,additive_pairwise,additive + pairwise,2000,0.7346901930725195,0.8346533551340626
3,20,CCAAAAGGGCGUCCUUUCGU,additive_pairwise,nonlinear additive,2000,0.2469261850110107,0.2875276723956899
3,20,CCAAAAGGGCGUCCUUUCGU,additive_pairwise,nonlinear additive + pairwise,2000,0.7419467515796265,0.8332898006554594
3,20,CCAAAAGGGCGUCCUUUCGU,nonlin_additive,additive,2000,0.9946783323134859,0.9967714758808535
3,20,CCAAAAGGGCGUCCUUUCGU,nonlin_additive,additive + pairwise,2000,0.9879788349731805,0.9884844084771623
3,20,CCAAAAGGGCGUCCUUUCGU,nonlin_additive,nonlinear additive,2000,0.99998283025785,0.9999930072876718
3,20,CCAAAAGGGCGUCCUUUCGU,nonlin_additive,nonlinear additive + pairwise,2000,0.9878208480335179,0.9871233818528591
3,20,CCAAAAGGGCGUCCUUUCGU,nonlin_additive_pairwise,additive,2000,-0.040177560178819245,-0.015890720003865093
3,20,CCAAAAGGGCGUCCUUUCGU,nonlin_additive_pairwise,additive + pairwise,2000,0.10440115492047747,0.10047288990165962
3,20,CCAAAAGGGCGUCCUUUCGU,nonlin_additive_pairwise,nonlinear additive,2000,0.05946354274770139,-0.0026569748652455626
3,20,CCAAAAGGGCGUCCUUUCGU,nonlin_additive_pairwise,nonlinear additive + pairwise,2000,0.151787005622395,0.08418871041633588
3,20,CCAAAAGGGCGUCCUUUCGU,additive_pairwise_gaussian,additive,2000,0.8480243001518759,0.8912701542060261
3,20,CCAAAAGGGCGUCCUUUCGU,additive_pairwise_gaussian,additive + pairwise,2000,0.9285633914456533,0.9511029443564178
3,20,CCAAAAGGGCGUCCUUUCGU,additive_pairwise_gaussian,nonlinear additive,2000,,
3,20,CCAAAAGGGCGUCCUUUCGU,additive_pairwise_gaussian,nonlinear additive + pairwise,2000,0.891711845427082,0.9367791715823333
3,20,CCAAAAGGGCGUCCUUUCGU,nonlin_additive_pairwise_gaussian,additive,2000,0.7967466786636532,0.7284880326393519
3,20,CCAAAAGGGCGUCCUUUCGU,nonlin_additive_pairwise_gaussian,additive + pairwise,2000,0.8755425170400054,0.7928907259220617
3,20,CCAAAAGGGCGUCCUUUCGU,nonlin_additive_pairwise_gaussian,nonlinear additive,2000,0.8533088921435267,0.7355259032829808
3,20,CCAAAAGGGCGUCCUUUCGU,nonlin_additive_pairwise_gaussian,nonlinear additive + pairwise,2000,0.8677929160687781,0.8076052495095193
3,20,CCAAAAGGGCGUCCUUUCGU,additive,additive,20000,0.9999999938195918,0.9999999948879997
3,20,CCAAAAGGGCGUCCUUUCGU,additive,additive + pairwise,20000,0.9999985873228618,0.9999991501599605
3,20,CCAAAAGGGCGUCCUUUCGU,additive,nonlinear additive,20000,0.999998587177061,0.9999990721359571
3,20,CCAAAAGGGCGUCCUUUCGU,additive,nonlinear additive + pairwise,20000,0.9999274307368592,0.9997461165162237
3,20,CCAAAAGGGCGUCCUUUCGU,additive_pairwise,additive,20000,0.3222459283909534,0.4264043254931523
3,20,CCAAAAGGGCGUCCUUUCGU,additive_pairwise,additive + pairwise,20000,0.9999605047293191,0.9999836157752959
3,20,CCAAAAGGGCGUCCUUUCGU,additive_pairwise,nonlinear additive,20000,0.330702805280157,0.41281024996874827
3,20,CCAAAAGGGCGUCCUUUCGU,additive_pairwise,nonlinear additive + pairwise,20000,0.9997875666478973,0.9998894592352469
3,20,CCAAAAGGGCGUCCUUUCGU,nonlin_additive,additive,20000,0.9969319708986806,0.997836362002655
3,20,CCAAAAGGGCGUCCUUUCGU,nonlin_additive,additive + pairwise,20000,0.9997403701547052,0.9998140708152999
3,20,CCAAAAGGGCGUCCUUUCGU,nonlin_additive,nonlinear additive,20000,0.9999386797222082,0.9999265230125618
3,20,CCAAAAGGGCGUCCUUUCGU,nonlin_additive,nonlinear additive + pairwise,20000,0.9999917771834316,0.9999922473516372
3,20,CCAAAAGGGCGUCCUUUCGU,nonlin_additive_pairwise,additive,20000,0.22879139641759438,0.11458910747215116
3,20,CCAAAAGGGCGUCCUUUCGU,nonlin_additive_pairwise,additive + pairwise,20000,0.5682232913728298,0.25668683009430093
3,20,CCAAAAGGGCGUCCUUUCGU,nonlin_additive_pairwise,nonlinear additive,20000,0.2722508279032642,0.06542053776446638
3,20,CCAAAAGGGCGUCCUUUCGU,nonlin_additive_pairwise,nonlinear additive + pairwise,20000,0.9070615524011134,0.6600538109501286
3,20,CCAAAAGGGCGUCCUUUCGU,additive_pairwise_gaussian,additive,20000,0.8264409369567682,0.8960345323553884
3,20,CCAAAAGGGCGUCCUUUCGU,additive_pairwise_gaussian,additive + pairwise,20000,0.9999867842503808,0.9999931748797104
3,20,CCAAAAGGGCGUCCUUUCGU,additive_pairwise_gaussian,nonlinear additive,20000,0.8326396908868858,0.8952410783371934
3,20,CCAAAAGGGCGUCCUUUCGU,additive_pairwise_gaussian,nonlinear additive + pairwise,20000,0.9998972009998155,0.999940117957454
3,20,CCAAAAGGGCGUCCUUUCGU,nonlin_additive_pairwise_gaussian,additive,20000,0.7983700472845052,0.7357185971953418
3,20,CCAAAAGGGCGUCCUUUCGU,nonlin_additive_pairwise_gaussian,additive + pairwise,20000,0.9381245992457097,0.9498397594410175
3,20,CCAAAAGGGCGUCCUUUCGU,nonlin_additive_pairwise_gaussian,nonlinear additive,20000,0.8349243162664989,0.7510994468547858
3,20,CCAAAAGGGCGUCCUUUCGU,nonlin_additive_pairwise_gaussian,nonlinear additive + pairwise,20000,0.9999513334339095,0.9998254459519496
3,20,CCAAAAGGGCGUCCUUUCGU,additive,additive,200000,0.9999999984983396,0.9999999933519997
3,20,CCAAAAGGGCGUCCUUUCGU,additive,additive + pairwise,200000,0.9999999995846451,0.9999999987759998
3,20,CCAAAAGGGCGUCCUUUCGU,additive,nonlinear additive,200000,0.999992041143781,0.9999951004717729
3,20,CCAAAAGGGCGUCCUUUCGU,additive,nonlinear additive + pairwise,200000,0.9999862880736123,0.9999003503393804
3,20,CCAAAAGGGCGUCCUUUCGU,additive_pairwise,additive,200000,0.3399055162623648,0.43687129735595065
3,20,CCAAAAGGGCGUCCUUUCGU,additive_pairwise,additive + pairwise,200000,0.9999999999933687,0.999999999784
3,20,CCAAAAGGGCGUCCUUUCGU,additive_pairwise,nonlinear additive,200000,0.3430634773955715,0.4192830807651725
3,20,CCAAAAGGGCGUCCUUUCGU,additive_pairwise,nonlinear additive + pairwise,200000,0.9999857125921464,0.9999847078713421
3,20,CCAAAAGGGCGUCCUUUCGU,nonlin_additive,additive,200000,0.9965259258434195,0.9979483527279993
3,20,CCAAAAGGGCGUCCUUUCGU,nonlin_additive,additive + pairwise,200000,0.9998197347246087,0.9998878023947474
3,20,CCAAAAGGGCGUCCUUUCGU,nonlin_additive,nonlinear additive,200000,0.9999981534920925,0.9999977071358926
3,20,CCAAAAGGGCGUCCUUUCGU,nonlin_additive,nonlinear additive + pairwise,200000,0.9999974375072456,0.9999974158238789
3,20,CCAAAAGGGCGUCCUUUCGU,nonlin_additive_pairwise,additive,200000,0.2491788592764819,0.11982301643500025
3,20,CCAAAAGGGCGUCCUUUCGU,nonlin_additive_pairwise,additive + pairwise,200000,0.6603225280324094,0.3391193737235373
3,20,CCAAAAGGGCGUCCUUUCGU,nonlin_additive_pairwise,nonlinear additive,200000,0.25255725958739655,0.08252763786610365
3,20,CCAAAAGGGCGUCCUUUCGU,nonlin_additive_pairwise,nonlinear additive + pairwise,200000,0.9962707079183647,0.9999236056784734
3,20,CCAAAAGGGCGUCCUUUCGU,additive_pairwise_gaussian,additive,200000,0.836143893337982,0.8968862549565532
3,20,CCAAAAGGGCGUCCUUUCGU,additive_pairwise_gaussian,additive + pairwise,200000,0.9999981261807224,0.9999986523279429
3,20,CCAAAAGGGCGUCCUUUCGU,additive_pairwise_gaussian,nonlinear additive,200000,0.8376492908701644,0.896186436548339
3,20,CCAAAAGGGCGUCCUUUCGU,additive_pairwise_gaussian,nonlinear additive + pairwise,200000,0.9999989551241042,0.9999977703039052
3,20,CCAAAAGGGCGUCCUUUCGU,nonlin_additive_pairwise_gaussian,additive,200000,0.8143008388545827,0.7435426320257212
3,20,CCAAAAGGGCGUCCUUUCGU,nonlin_additive_pairwise_gaussian,additive + pairwise,200000,0.9451387843050446,0.9627547919524633
3,20,CCAAAAGGGCGUCCUUUCGU,nonlin_additive_pairwise_gaussian,nonlinear additive,200000,0.8367569299434058,0.7531505652493797
3,20,CCAAAAGGGCGUCCUUUCGU,nonlin_additive_pairwise_gaussian,nonlinear additive + pairwise,200000,0.9999988576854436,0.9999948828157639
3,20,CCAAAAGGGCGUCCUUUCGU,additive,additive,2000000,0.999999999609552,0.9999999978399998
3,20,CCAAAAGGGCGUCCUUUCGU,additive,additive + pairwise,2000000,0.9999999995424715,0.9999999973839998
3,20,CCAAAAGGGCGUCCUUUCGU,additive,nonlinear additive,2000000,0.9998799735495247,0.9999417602293
3,20,CCAAAAGGGCGUCCUUUCGU,additive,nonlinear additive + pairwise,2000000,0.9999552490313119,0.9997816713178834
3,20,CCAAAAGGGCGUCCUUUCGU,additive_pairwise,additive,2000000,0.3406437314768498,0.4379712972272771
3,20,CCAAAAGGGCGUCCUUUCGU,additive_pairwise,additive + pairwise,2000000,0.9999999999867452,0.9999999999520001
3,20,CCAAAAGGGCGUCCUUUCGU,additive_pairwise,nonlinear additive,2000000,0.3400679215422488,0.42234142446468126
3,20,CCAAAAGGGCGUCCUUUCGU,additive_pairwise,nonlinear additive + pairwise,2000000,0.9999989256493352,0.9999899155355662
3,20,CCAAAAGGGCGUCCUUUCGU,nonlin_additive,additive,2000000,0.9966881825846898,0.9979843506896353
3,20,CCAAAAGGGCGUCCUUUCGU,nonlin_additive,additive + pairwise,2000000,0.9998317845086597,0.9998927816029726
3,20,CCAAAAGGGCGUCCUUUCGU,nonlin_additive,nonlinear additive,2000000,0.9999993264275103,0.9999989272239497
3,20,CCAAAAGGGCGUCCUUUCGU,nonlin_additive,nonlinear additive + pairwise,2000000,0.999991713464894,0.9999929735436708
3,20,CCAAAAGGGCGUCCUUUCGU,nonlin_additive_pairwise,additive,2000000,0.254110843800942,0.11894162109472067
3,20,CCAAAAGGGCGUCCUUUCGU,nonlin_additive_pairwise,additive + pairwise,2000000,0.6776711162493451,0.3508499044389911
3,20,CCAAAAGGGCGUCCUUUCGU,nonlin_additive_pairwise,nonlinear additive,2000000,0.2643184979934988,0.10034294596957397
3,20,CCAAAAGGGCGUCCUUUCGU,nonlin_additive_pairwise,nonlinear additive + pairwise,2000000,0.9918960349756434,0.9999700414739117
3,20,CCAAAAGGGCGUCCUUUCGU,additive_pairwise_gaussian,additive,2000000,0.8352512307535477,0.8968658493181617
3,20,CCAAAAGGGCGUCCUUUCGU,additive_pairwise_gaussian,additive + pairwise,2000000,0.9999999999843305,0.9999999997840002
3,20,CCAAAAGGGCGUCCUUUCGU,additive_pairwise_gaussian,nonlinear additive,2000000,0.8365691379851676,0.8961093887740516
3,20,CCAAAAGGGCGUCCUUUCGU,additive_pairwise_gaussian,nonlinear additive + pairwise,2000000,0.9999992628493803,0.9999971477438788
3,20,CCAAAAGGGCGUCCUUUCGU,nonlin_additive_pairwise_gaussian,additive,2000000,0.8131507960248282,0.7432425374340216
3,20,CCAAAAGGGCGUCCUUUCGU,nonlin_additive_pairwise_gaussian,additive + pairwise,2000000,0.9477998780933607,0.9634091571453086
3,20,CCAAAAGGGCGUCCUUUCGU,nonlin_additive_pairwise_gaussian,nonlinear additive,2000000,0.8381061469716938,0.7534716284621116
3,20,CCAAAAGGGCGUCCUUUCGU,nonlin_additive_pairwise_gaussian,nonlinear additive + pairwise,2000000,0.9999999263364583,0.9999994927119767
